,Age,Year,Population,Life_Expectancy,Retirement_age,Contribution_rate,1999_dummy,Reference_amount_1984,Birth_Year,Revaleurisation_rate,Adjustment_factor_1984,Salary,Income_per_year
count,10904.0,10904.0,10904.0,10904.0,10904.0,10904.0,10904.0,10904.0,10904.0,10904.0,10904.0,10904.0,10904.0
mean,55.044937637564196,2034.9796404988995,7452.962509170945,30.24294754218635,61.59607483492295,0.24000000000000007,0.7666911225238444,2085.0,1979.9347028613354,1.4204143433602345,802.5115920763021,43306.606344666376,65965.9454002149
std,23.581752554097054,38.851348315182285,3696.6386881769627,19.361092977294135,0.3123482117557628,8.327054528299023e-17,0.42295655956554795,0.0,43.611365044045314,0.2760171962331481,265.15083285367496,28559.71714429082,48245.42412914238
min,15.0,1960.0,90.0,4.3,60.8,0.24,0.0,2085.0,1871.0,0.488,150.0,814.2929461892111,898.1651196466998
25%,35.0,2002.0,4413.6,12.0,61.4,0.24,1.0,2085.0,1947.0,1.316,626.81,18794.585589369122,19815.073349886035
50%,55.0,2036.0,7826.4,27.9,61.4,0.24,1.0,2085.0,1979.0,1.595,981.89,36519.591064884546,57121.53133351844
75%,75.0,2068.0,11000.0,47.0,61.8,0.24,1.0,2085.0,2012.0,1.595,981.89,56783.55701072965,90569.7734321138
max,99.0,2100.0,13442.0,68.8,62.5,0.24,1.0,2085.0,2085.0,1.595,981.89,98418.0257915185,156976.75113747202
